[Settings],,
CreateFastqForIndexReads,1,
MinimumTrimmedReadLength,16,
MaskShortReads,16,
[Data],,
Sample_ID,index,index2
ScaleMethyl_plate1-1A,GGAGGCCTCC,ATGGAGCTAC
ScaleMethyl_plate1-1B,GGAGGCCTCC,CAAGTAGGAC
ScaleMethyl_plate1-1C,GGAGGCCTCC,TCTCATTGCC
ScaleMethyl_plate1-1D,GGAGGCCTCC,GTTCTCTCCT
ScaleMethyl_plate1-1E,GGAGGCCTCC,GGCATAACCG
ScaleMethyl_plate1-1F,GGAGGCCTCC,CCGAACTATG
ScaleMethyl_plate1-1G,GGAGGCCTCC,TAATTCCGGT
ScaleMethyl_plate1-1H,GGAGGCCTCC,GGACTTATGG
ScaleMethyl_plate1-2A,CAGCAGTATC,ATGGAGCTAC
ScaleMethyl_plate1-2B,CAGCAGTATC,CAAGTAGGAC
ScaleMethyl_plate1-2C,CAGCAGTATC,TCTCATTGCC
ScaleMethyl_plate1-2D,CAGCAGTATC,GTTCTCTCCT
ScaleMethyl_plate1-2E,CAGCAGTATC,GGCATAACCG
ScaleMethyl_plate1-2F,CAGCAGTATC,CCGAACTATG
ScaleMethyl_plate1-2G,CAGCAGTATC,TAATTCCGGT
ScaleMethyl_plate1-2H,CAGCAGTATC,GGACTTATGG
ScaleMethyl_plate1-3A,CGAAGGCATG,ATGGAGCTAC
ScaleMethyl_plate1-3B,CGAAGGCATG,CAAGTAGGAC
ScaleMethyl_plate1-3C,CGAAGGCATG,TCTCATTGCC
ScaleMethyl_plate1-3D,CGAAGGCATG,GTTCTCTCCT
ScaleMethyl_plate1-3E,CGAAGGCATG,GGCATAACCG
ScaleMethyl_plate1-3F,CGAAGGCATG,CCGAACTATG
ScaleMethyl_plate1-3G,CGAAGGCATG,TAATTCCGGT
ScaleMethyl_plate1-3H,CGAAGGCATG,GGACTTATGG
ScaleMethyl_plate1-4A,TTCAATATAA,ATGGAGCTAC
ScaleMethyl_plate1-4B,TTCAATATAA,CAAGTAGGAC
ScaleMethyl_plate1-4C,TTCAATATAA,TCTCATTGCC
ScaleMethyl_plate1-4D,TTCAATATAA,GTTCTCTCCT
ScaleMethyl_plate1-4E,TTCAATATAA,GGCATAACCG
ScaleMethyl_plate1-4F,TTCAATATAA,CCGAACTATG
ScaleMethyl_plate1-4G,TTCAATATAA,TAATTCCGGT
ScaleMethyl_plate1-4H,TTCAATATAA,GGACTTATGG
ScaleMethyl_plate1-5A,CGAATCTCCT,ATGGAGCTAC
ScaleMethyl_plate1-5B,CGAATCTCCT,CAAGTAGGAC
ScaleMethyl_plate1-5C,CGAATCTCCT,TCTCATTGCC
ScaleMethyl_plate1-5D,CGAATCTCCT,GTTCTCTCCT
ScaleMethyl_plate1-5E,CGAATCTCCT,GGCATAACCG
ScaleMethyl_plate1-5F,CGAATCTCCT,CCGAACTATG
ScaleMethyl_plate1-5G,CGAATCTCCT,TAATTCCGGT
ScaleMethyl_plate1-5H,CGAATCTCCT,GGACTTATGG
ScaleMethyl_plate1-6A,GTCTCCAGAG,ATGGAGCTAC
ScaleMethyl_plate1-6B,GTCTCCAGAG,CAAGTAGGAC
ScaleMethyl_plate1-6C,GTCTCCAGAG,TCTCATTGCC
ScaleMethyl_plate1-6D,GTCTCCAGAG,GTTCTCTCCT
ScaleMethyl_plate1-6E,GTCTCCAGAG,GGCATAACCG
ScaleMethyl_plate1-6F,GTCTCCAGAG,CCGAACTATG
ScaleMethyl_plate1-6G,GTCTCCAGAG,TAATTCCGGT
ScaleMethyl_plate1-6H,GTCTCCAGAG,GGACTTATGG
ScaleMethyl_plate1-7A,TCGAAGCGCG,ATGGAGCTAC
ScaleMethyl_plate1-7B,TCGAAGCGCG,CAAGTAGGAC
ScaleMethyl_plate1-7C,TCGAAGCGCG,TCTCATTGCC
ScaleMethyl_plate1-7D,TCGAAGCGCG,GTTCTCTCCT
ScaleMethyl_plate1-7E,TCGAAGCGCG,GGCATAACCG
ScaleMethyl_plate1-7F,TCGAAGCGCG,CCGAACTATG
ScaleMethyl_plate1-7G,TCGAAGCGCG,TAATTCCGGT
ScaleMethyl_plate1-7H,TCGAAGCGCG,GGACTTATGG
ScaleMethyl_plate1-8A,GCCGTCGCGT,ATGGAGCTAC
ScaleMethyl_plate1-8B,GCCGTCGCGT,CAAGTAGGAC
ScaleMethyl_plate1-8C,GCCGTCGCGT,TCTCATTGCC
ScaleMethyl_plate1-8D,GCCGTCGCGT,GTTCTCTCCT
ScaleMethyl_plate1-8E,GCCGTCGCGT,GGCATAACCG
ScaleMethyl_plate1-8F,GCCGTCGCGT,CCGAACTATG
ScaleMethyl_plate1-8G,GCCGTCGCGT,TAATTCCGGT
ScaleMethyl_plate1-8H,GCCGTCGCGT,GGACTTATGG
ScaleMethyl_plate1-9A,TATTCCGTTA,ATGGAGCTAC
ScaleMethyl_plate1-9B,TATTCCGTTA,CAAGTAGGAC
ScaleMethyl_plate1-9C,TATTCCGTTA,TCTCATTGCC
ScaleMethyl_plate1-9D,TATTCCGTTA,GTTCTCTCCT
ScaleMethyl_plate1-9E,TATTCCGTTA,GGCATAACCG
ScaleMethyl_plate1-9F,TATTCCGTTA,CCGAACTATG
ScaleMethyl_plate1-9G,TATTCCGTTA,TAATTCCGGT
ScaleMethyl_plate1-9H,TATTCCGTTA,GGACTTATGG
ScaleMethyl_plate1-10A,ACTGGTAGAT,ATGGAGCTAC
ScaleMethyl_plate1-10B,ACTGGTAGAT,CAAGTAGGAC
ScaleMethyl_plate1-10C,ACTGGTAGAT,TCTCATTGCC
ScaleMethyl_plate1-10D,ACTGGTAGAT,GTTCTCTCCT
ScaleMethyl_plate1-10E,ACTGGTAGAT,GGCATAACCG
ScaleMethyl_plate1-10F,ACTGGTAGAT,CCGAACTATG
ScaleMethyl_plate1-10G,ACTGGTAGAT,TAATTCCGGT
ScaleMethyl_plate1-10H,ACTGGTAGAT,GGACTTATGG
ScaleMethyl_plate1-11A,AATTGAGAGA,ATGGAGCTAC
ScaleMethyl_plate1-11B,AATTGAGAGA,CAAGTAGGAC
ScaleMethyl_plate1-11C,AATTGAGAGA,TCTCATTGCC
ScaleMethyl_plate1-11D,AATTGAGAGA,GTTCTCTCCT
ScaleMethyl_plate1-11E,AATTGAGAGA,GGCATAACCG
ScaleMethyl_plate1-11F,AATTGAGAGA,CCGAACTATG
ScaleMethyl_plate1-11G,AATTGAGAGA,TAATTCCGGT
ScaleMethyl_plate1-11H,AATTGAGAGA,GGACTTATGG
ScaleMethyl_plate1-12A,ATGAGTTCTC,ATGGAGCTAC
ScaleMethyl_plate1-12B,ATGAGTTCTC,CAAGTAGGAC
ScaleMethyl_plate1-12C,ATGAGTTCTC,TCTCATTGCC
ScaleMethyl_plate1-12D,ATGAGTTCTC,GTTCTCTCCT
ScaleMethyl_plate1-12E,ATGAGTTCTC,GGCATAACCG
ScaleMethyl_plate1-12F,ATGAGTTCTC,CCGAACTATG
ScaleMethyl_plate1-12G,ATGAGTTCTC,TAATTCCGGT
ScaleMethyl_plate1-12H,ATGAGTTCTC,GGACTTATGG
ScaleMethyl_plate2-1A,GGAGGCCTCC,TGCGCCGAAG
ScaleMethyl_plate2-1B,GGAGGCCTCC,AGGCCGGCCA
ScaleMethyl_plate2-1C,GGAGGCCTCC,CCTGCGTATT
ScaleMethyl_plate2-1D,GGAGGCCTCC,TATTGCAGCT
ScaleMethyl_plate2-1E,GGAGGCCTCC,CTAAGAGTTA
ScaleMethyl_plate2-1F,GGAGGCCTCC,ATCGAGATGA
ScaleMethyl_plate2-1G,GGAGGCCTCC,AAGCCTACGA
ScaleMethyl_plate2-1H,GGAGGCCTCC,TACGATCATC
ScaleMethyl_plate2-2A,CAGCAGTATC,TGCGCCGAAG
ScaleMethyl_plate2-2B,CAGCAGTATC,AGGCCGGCCA
ScaleMethyl_plate2-2C,CAGCAGTATC,CCTGCGTATT
ScaleMethyl_plate2-2D,CAGCAGTATC,TATTGCAGCT
ScaleMethyl_plate2-2E,CAGCAGTATC,CTAAGAGTTA
ScaleMethyl_plate2-2F,CAGCAGTATC,ATCGAGATGA
ScaleMethyl_plate2-2G,CAGCAGTATC,AAGCCTACGA
ScaleMethyl_plate2-2H,CAGCAGTATC,TACGATCATC
ScaleMethyl_plate2-3A,CGAAGGCATG,TGCGCCGAAG
ScaleMethyl_plate2-3B,CGAAGGCATG,AGGCCGGCCA
ScaleMethyl_plate2-3C,CGAAGGCATG,CCTGCGTATT
ScaleMethyl_plate2-3D,CGAAGGCATG,TATTGCAGCT
ScaleMethyl_plate2-3E,CGAAGGCATG,CTAAGAGTTA
ScaleMethyl_plate2-3F,CGAAGGCATG,ATCGAGATGA
ScaleMethyl_plate2-3G,CGAAGGCATG,AAGCCTACGA
ScaleMethyl_plate2-3H,CGAAGGCATG,TACGATCATC
ScaleMethyl_plate2-4A,TTCAATATAA,TGCGCCGAAG
ScaleMethyl_plate2-4B,TTCAATATAA,AGGCCGGCCA
ScaleMethyl_plate2-4C,TTCAATATAA,CCTGCGTATT
ScaleMethyl_plate2-4D,TTCAATATAA,TATTGCAGCT
ScaleMethyl_plate2-4E,TTCAATATAA,CTAAGAGTTA
ScaleMethyl_plate2-4F,TTCAATATAA,ATCGAGATGA
ScaleMethyl_plate2-4G,TTCAATATAA,AAGCCTACGA
ScaleMethyl_plate2-4H,TTCAATATAA,TACGATCATC
ScaleMethyl_plate2-5A,CGAATCTCCT,TGCGCCGAAG
ScaleMethyl_plate2-5B,CGAATCTCCT,AGGCCGGCCA
ScaleMethyl_plate2-5C,CGAATCTCCT,CCTGCGTATT
ScaleMethyl_plate2-5D,CGAATCTCCT,TATTGCAGCT
ScaleMethyl_plate2-5E,CGAATCTCCT,CTAAGAGTTA
ScaleMethyl_plate2-5F,CGAATCTCCT,ATCGAGATGA
ScaleMethyl_plate2-5G,CGAATCTCCT,AAGCCTACGA
ScaleMethyl_plate2-5H,CGAATCTCCT,TACGATCATC
ScaleMethyl_plate2-6A,GTCTCCAGAG,TGCGCCGAAG
ScaleMethyl_plate2-6B,GTCTCCAGAG,AGGCCGGCCA
ScaleMethyl_plate2-6C,GTCTCCAGAG,CCTGCGTATT
ScaleMethyl_plate2-6D,GTCTCCAGAG,TATTGCAGCT
ScaleMethyl_plate2-6E,GTCTCCAGAG,CTAAGAGTTA
ScaleMethyl_plate2-6F,GTCTCCAGAG,ATCGAGATGA
ScaleMethyl_plate2-6G,GTCTCCAGAG,AAGCCTACGA
ScaleMethyl_plate2-6H,GTCTCCAGAG,TACGATCATC
ScaleMethyl_plate2-7A,TCGAAGCGCG,TGCGCCGAAG
ScaleMethyl_plate2-7B,TCGAAGCGCG,AGGCCGGCCA
ScaleMethyl_plate2-7C,TCGAAGCGCG,CCTGCGTATT
ScaleMethyl_plate2-7D,TCGAAGCGCG,TATTGCAGCT
ScaleMethyl_plate2-7E,TCGAAGCGCG,CTAAGAGTTA
ScaleMethyl_plate2-7F,TCGAAGCGCG,ATCGAGATGA
ScaleMethyl_plate2-7G,TCGAAGCGCG,AAGCCTACGA
ScaleMethyl_plate2-7H,TCGAAGCGCG,TACGATCATC
ScaleMethyl_plate2-8A,GCCGTCGCGT,TGCGCCGAAG
ScaleMethyl_plate2-8B,GCCGTCGCGT,AGGCCGGCCA
ScaleMethyl_plate2-8C,GCCGTCGCGT,CCTGCGTATT
ScaleMethyl_plate2-8D,GCCGTCGCGT,TATTGCAGCT
ScaleMethyl_plate2-8E,GCCGTCGCGT,CTAAGAGTTA
ScaleMethyl_plate2-8F,GCCGTCGCGT,ATCGAGATGA
ScaleMethyl_plate2-8G,GCCGTCGCGT,AAGCCTACGA
ScaleMethyl_plate2-8H,GCCGTCGCGT,TACGATCATC
ScaleMethyl_plate2-9A,TATTCCGTTA,TGCGCCGAAG
ScaleMethyl_plate2-9B,TATTCCGTTA,AGGCCGGCCA
ScaleMethyl_plate2-9C,TATTCCGTTA,CCTGCGTATT
ScaleMethyl_plate2-9D,TATTCCGTTA,TATTGCAGCT
ScaleMethyl_plate2-9E,TATTCCGTTA,CTAAGAGTTA
ScaleMethyl_plate2-9F,TATTCCGTTA,ATCGAGATGA
ScaleMethyl_plate2-9G,TATTCCGTTA,AAGCCTACGA
ScaleMethyl_plate2-9H,TATTCCGTTA,TACGATCATC
ScaleMethyl_plate2-10A,ACTGGTAGAT,TGCGCCGAAG
ScaleMethyl_plate2-10B,ACTGGTAGAT,AGGCCGGCCA
ScaleMethyl_plate2-10C,ACTGGTAGAT,CCTGCGTATT
ScaleMethyl_plate2-10D,ACTGGTAGAT,TATTGCAGCT
ScaleMethyl_plate2-10E,ACTGGTAGAT,CTAAGAGTTA
ScaleMethyl_plate2-10F,ACTGGTAGAT,ATCGAGATGA
ScaleMethyl_plate2-10G,ACTGGTAGAT,AAGCCTACGA
ScaleMethyl_plate2-10H,ACTGGTAGAT,TACGATCATC
ScaleMethyl_plate2-11A,AATTGAGAGA,TGCGCCGAAG
ScaleMethyl_plate2-11B,AATTGAGAGA,AGGCCGGCCA
ScaleMethyl_plate2-11C,AATTGAGAGA,CCTGCGTATT
ScaleMethyl_plate2-11D,AATTGAGAGA,TATTGCAGCT
ScaleMethyl_plate2-11E,AATTGAGAGA,CTAAGAGTTA
ScaleMethyl_plate2-11F,AATTGAGAGA,ATCGAGATGA
ScaleMethyl_plate2-11G,AATTGAGAGA,AAGCCTACGA
ScaleMethyl_plate2-11H,AATTGAGAGA,TACGATCATC
ScaleMethyl_plate2-12A,ATGAGTTCTC,TGCGCCGAAG
ScaleMethyl_plate2-12B,ATGAGTTCTC,AGGCCGGCCA
ScaleMethyl_plate2-12C,ATGAGTTCTC,CCTGCGTATT
ScaleMethyl_plate2-12D,ATGAGTTCTC,TATTGCAGCT
ScaleMethyl_plate2-12E,ATGAGTTCTC,CTAAGAGTTA
ScaleMethyl_plate2-12F,ATGAGTTCTC,ATCGAGATGA
ScaleMethyl_plate2-12G,ATGAGTTCTC,AAGCCTACGA
ScaleMethyl_plate2-12H,ATGAGTTCTC,TACGATCATC